run,model,weight
run1,nt,0.0025382247
run1,nt,0.027289657
run1,nt,0.008978755
run1,nt,0.01895155
run1,nt,0.013305518
run1,nt,0.01840117
run1,nt,0.045048576
run1,nt,0.031958897
run1,nt,0.021606103
run1,nt,0.017559133
run1,nt,0.03038474
run1,nt,0.024160212
run1,nt,0.0030735445
run1,nt,0.015000221
run1,nt,0.02602934
run1,nt,0.018837629
run1,nt,0.032503266
run1,nt,-0.010034901
run1,nt,0.009061144
run1,nt,0.025641555
run1,nt,0.022390584
run1,nt,-0.0030552025
run1,nt,-0.0058940337
run1,nt,0.018780515
run1,nt,0.030883083
run1,nt,0.0056341495
run1,nt,0.014762816
run1,nt,0.010173574
run1,nt,0.027659975
run1,nt,0.021724185
run1,nt,0.024806848
run1,nt,0.010486291
run1,nt,0.015502036
run1,nt,0.02090654
run1,nt,0.01759784
run1,nt,0.009793337
run1,nt,0.020517344
run1,nt,0.013246331
run1,nt,0.029548971
run1,nt,0.024648437
run1,nt,0.026721992
run1,nt,0.011248958
run1,nt,0.011821049
run1,nt,4.71E-04
run1,nt,0.006870255
run1,nt,0.0139560485
run1,nt,0.01951175
run1,nt,0.00790367
run1,nt,0.008980639
run1,nt,0.021729646
run1,nt,0.039124426
run1,nt,0.019590488
run1,nt,0.014110764
run1,nt,-0.01929226
run1,nt,0.0059631653
run1,nt,-0.000536276
run1,nt,0.027640684
run1,nt,0.017901778
run1,nt,-0.0012361748
run1,nt,-0.010631166
run1,nt,0.02574102
run1,nt,0.021350527
run1,nt,0.047662605
run1,nt,0.008483913
run2,nt,0.00060886826
run2,nt,0.012066096
run2,nt,0.028364496
run2,nt,0.017704157
run2,nt,0.038099185
run2,nt,-0.0016887728
run2,nt,0.00018954712
run2,nt,0.03003779
run2,nt,0.012087076
run2,nt,0.03516097
run2,nt,0.025612483
run2,nt,0.025333544
run2,nt,0.028375084
run2,nt,0.025029242
run2,nt,-0.020470312
run2,nt,0.016629545
run2,nt,0.010507547
run2,nt,0.015965044
run2,nt,0.041125547
run2,nt,0.023724908
run2,nt,0.018569956
run2,nt,0.0057979915
run2,nt,0.01305278
run2,nt,0.023422614
run2,nt,0.007866767
run2,nt,0.03444971
run2,nt,0.005809543
run2,nt,0.0011009142
run2,nt,0.0099268835
run2,nt,0.01647061
run2,nt,0.023984328
run2,nt,0.033604197
run2,nt,0.007671481
run2,nt,0.022818783
run2,nt,0.017365336
run2,nt,0.036191147
run2,nt,0.018214582
run2,nt,0.019355824
run2,nt,0.021597927
run2,nt,0.012728449
run2,nt,0.0111945
run2,nt,0.0032767078
run2,nt,0.014475557
run2,nt,0.027713915
run2,nt,0.04371724
run2,nt,0.011752874
run2,nt,0.018386375
run2,nt,0.0005647323
run2,nt,0.0377346
run2,nt,0.02460247
run2,nt,0.028940432
run2,nt,0.034980666
run2,nt,0.013090402
run2,nt,0.014413542
run2,nt,0.028801411
run2,nt,0.00050754164
run2,nt,0.004591582
run2,nt,0.030235529
run2,nt,0.0046665124
run2,nt,0.016369542
run2,nt,0.017209454
run2,nt,0.023503132
run2,nt,-0.008255735
run2,nt,0.018412013
run3,nt,0.00060886826
run3,nt,0.012066096
run3,nt,0.028364496
run3,nt,0.017704157
run3,nt,0.038099185
run3,nt,-0.0016887728
run3,nt,0.00018954712
run3,nt,0.03003779
run3,nt,0.012087076
run3,nt,0.03516097
run3,nt,0.025612483
run3,nt,0.025333544
run3,nt,0.028375084
run3,nt,0.025029242
run3,nt,-0.020470312
run3,nt,0.016629545
run3,nt,0.010507547
run3,nt,0.015965044
run3,nt,0.041125547
run3,nt,0.023724908
run3,nt,0.018569956
run3,nt,0.0057979915
run3,nt,0.01305278
run3,nt,0.023422614
run3,nt,0.007866767
run3,nt,0.03444971
run3,nt,0.005809543
run3,nt,0.0011009142
run3,nt,0.0099268835
run3,nt,0.01647061
run3,nt,0.023984328
run3,nt,0.033604197
run3,nt,0.007671481
run3,nt,0.022818783
run3,nt,0.017365336
run3,nt,0.036191147
run3,nt,0.018214582
run3,nt,0.019355824
run3,nt,0.021597927
run3,nt,0.012728449
run3,nt,0.0111945
run3,nt,0.0032767078
run3,nt,0.014475557
run3,nt,0.027713915
run3,nt,0.04371724
run3,nt,0.011752874
run3,nt,0.018386375
run3,nt,0.0005647323
run3,nt,0.0377346
run3,nt,0.02460247
run3,nt,0.028940432
run3,nt,0.034980666
run3,nt,0.013090402
run3,nt,0.014413542
run3,nt,0.028801411
run3,nt,0.00050754164
run3,nt,0.004591582
run3,nt,0.030235529
run3,nt,0.0046665124
run3,nt,0.016369542
run3,nt,0.017209454
run3,nt,0.023503132
run3,nt,-0.008255735
run3,nt,0.018412013
run4,nt,0.010512027
run4,nt,0.015301179
run4,nt,0.030559635
run4,nt,0.024624817
run4,nt,0.034180474
run4,nt,0.012849808
run4,nt,0.026372924
run4,nt,0.03253798
run4,nt,0.03781047
run4,nt,0.017529739
run4,nt,0.023340637
run4,nt,0.04428326
run4,nt,0.03006314
run4,nt,0.02369231
run4,nt,-0.018362267
run4,nt,0.024340538
run4,nt,0.0038003128
run4,nt,0.015971487
run4,nt,0.017648403
run4,nt,0.030496733
run4,nt,0.021502828
run4,nt,-0.0006065884
run4,nt,0.011649544
run4,nt,0.013489912
run4,nt,0.025998747
run4,nt,0.011683772
run4,nt,0.028905945
run4,nt,0.01142064
run4,nt,0.011243504
run4,nt,0.031887542
run4,nt,0.02831655
run4,nt,0.026414553
run4,nt,0.027077274
run4,nt,0.020685766
run4,nt,0.01617431
run4,nt,0.028341832
run4,nt,0.0090005705
run4,nt,0.02041526
run4,nt,-0.015135467
run4,nt,0.041837495
run4,nt,-0.017286379
run4,nt,0.017189221
run4,nt,0.026712796
run4,nt,0.022681987
run4,nt,0.028819652
run4,nt,0.01908542
run4,nt,0.017574234
run4,nt,0.031508807
run4,nt,0.022531414
run4,nt,0.010588187
run4,nt,0.023921357
run4,nt,0.007350922
run4,nt,0.019385368
run4,nt,0.026192745
run4,nt,0.039549526
run4,nt,0.019328618
run4,nt,0.006561521
run4,nt,-0.0007419462
run4,nt,-0.014852419
run4,nt,0.01341324
run4,nt,0.03309123
run4,nt,0.013094901
run4,nt,0.018265538
run4,nt,0.00881693
run5,nt,0.020655958
run5,nt,0.007906501
run5,nt,0.026058158
run5,nt,0.0047866935
run5,nt,0.04424325
run5,nt,0.02275928
run5,nt,0.023743054
run5,nt,0.02883912
run5,nt,0.009225071
run5,nt,0.014704484
run5,nt,0.022005828
run5,nt,0.019455796
run5,nt,0.023200886
run5,nt,0.0099917175
run5,nt,0.022603327
run5,nt,-0.0025774066
run5,nt,0.024753278
run5,nt,0.04899916
run5,nt,0.0019217437
run5,nt,0.013347637
run5,nt,0.036789782
run5,nt,0.0077002845
run5,nt,0.01232271
run5,nt,0.047426134
run5,nt,0.0052721985
run5,nt,0.010636576
run5,nt,0.025490068
run5,nt,0.019408975
run5,nt,0.037590846
run5,nt,0.038881313
run5,nt,-0.0076159965
run5,nt,0.025472676
run5,nt,0.0080146445
run5,nt,0.027523717
run5,nt,0.022728344
run5,nt,0.025627559
run5,nt,-0.007007268
run5,nt,0.024317881
run5,nt,0.012465066
run5,nt,0.034616295
run5,nt,0.0015035277
run5,nt,0.019643784
run5,nt,0.028090047
run5,nt,0.016154263
run5,nt,0.009415115
run5,nt,0.04124388
run5,nt,0.042499837
run5,nt,0.0038703333
run5,nt,0.033253167
run5,nt,0.02310501
run5,nt,0.015803939
run5,nt,0.024840211
run5,nt,0.008696959
run5,nt,0.023659924
run5,nt,0.018103898
run5,nt,0.017547445
run5,nt,0.005881231
run5,nt,0.023423305
run5,nt,0.039564513
run5,nt,0.012516856
run5,nt,0.034742918
run5,nt,0.016492965
run5,nt,0.020056674
run5,nt,0.016041264
run1,asd,-0.025223522
run1,model_asd,-0.007007151
run1,model_asd,-0.014343667
run1,model_asd,0.013208223
run1,model_asd,0.013452473
run1,model_asd,-0.007368994
run1,model_asd,-0.000262698
run1,model_asd,-0.024109682
run1,model_asd,-0.008366515
run1,model_asd,0.01681303
run1,model_asd,-0.009299836
run1,model_asd,-0.001094562
run1,model_asd,-0.017176427
run1,model_asd,-0.003472935
run1,model_asd,0.004401603
run1,model_asd,-0.013261822
run1,model_asd,0.001126649
run1,model_asd,-0.009435279
run1,model_asd,0.00065545
run1,model_asd,0.007794939
run1,model_asd,0.017110141
run1,model_asd,0.004216764
run1,model_asd,0.01003712
run1,model_asd,0.004388713
run1,model_asd,-0.003613457
run1,model_asd,0.014458337
run1,model_asd,0.01379593
run1,model_asd,0.028713873
run1,model_asd,0.005229855
run1,model_asd,0.001612661
run1,model_asd,0.029438863
run1,model_asd,-0.004832087
run1,model_asd,0.002106526
run1,model_asd,0.007961201
run1,model_asd,-0.004229822
run1,model_asd,0.005072344
run1,model_asd,0.008489523
run1,model_asd,0.0205459
run1,model_asd,-0.002503645
run1,model_asd,0.015249662
run1,model_asd,0.008751762
run1,model_asd,0.00803069
run1,model_asd,0.002379268
run1,model_asd,-0.009263829
run1,model_asd,0.007613327
run1,model_asd,-0.008639549
run1,model_asd,-0.030421162
run1,model_asd,0.002807217
run1,model_asd,-0.006408311
run1,model_asd,-0.011056334
run1,model_asd,0.023006653
run1,model_asd,-0.024841746
run1,model_asd,0.014457294
run1,model_asd,0.009561856
run1,model_asd,-0.012219167
run1,model_asd,0.005524543
run1,model_asd,-0.002382277
run1,model_asd,0.005562207
run1,model_asd,-0.007131057
run1,model_asd,0.017046353
run1,model_asd,0.002362284
run1,model_asd,0.003572957
run1,model_asd,0.004337814
run1,model_asd,-0.009932932
run2,model_asd,-0.025223522
run2,model_asd,-0.007007151
run2,model_asd,-0.014343667
run2,model_asd,0.013208223
run2,model_asd,0.013452473
run2,model_asd,-0.007368994
run2,model_asd,-0.000262698
run2,model_asd,-0.024109682
run2,model_asd,-0.008366515
run2,model_asd,0.01681303
run2,model_asd,-0.009299836
run2,model_asd,-0.001094562
run2,model_asd,-0.017176427
run2,model_asd,-0.003472935
run2,model_asd,0.004401603
run2,model_asd,-0.013261822
run2,model_asd,0.001126649
run2,model_asd,-0.009435279
run2,model_asd,0.00065545
run2,model_asd,0.007794939
run2,model_asd,0.017110141
run2,model_asd,0.004216764
run2,model_asd,0.01003712
run2,model_asd,0.004388713
run2,model_asd,-0.003613457
run2,model_asd,0.014458337
run2,model_asd,0.01379593
run2,model_asd,0.028713873
run2,model_asd,0.005229855
run2,model_asd,0.001612661
run2,model_asd,0.029438863
run2,model_asd,-0.004832087
run2,model_asd,0.002106526
run2,model_asd,0.007961201
run2,model_asd,-0.004229822
run2,model_asd,0.005072344
run2,model_asd,0.008489523
run2,model_asd,0.0205459
run2,model_asd,-0.002503645
run2,model_asd,0.015249662
run2,model_asd,0.008751762
run2,model_asd,0.00803069
run2,model_asd,0.002379268
run2,model_asd,-0.009263829
run2,model_asd,0.007613327
run2,model_asd,-0.008639549
run2,model_asd,-0.030421162
run2,model_asd,0.002807217
run2,model_asd,-0.006408311
run2,model_asd,-0.011056334
run2,model_asd,0.023006653
run2,model_asd,-0.024841746
run2,model_asd,0.014457294
run2,model_asd,0.009561856
run2,model_asd,-0.012219167
run2,model_asd,0.005524543
run2,model_asd,-0.002382277
run2,model_asd,0.005562207
run2,model_asd,-0.007131057
run2,model_asd,0.017046353
run2,model_asd,0.002362284
run2,model_asd,0.003572957
run2,model_asd,0.004337814
run2,model_asd,-0.009932932
run3,model_asd,-0.022389203
run3,model_asd,-0.027051786
run3,model_asd,-0.010598484
run3,model_asd,-0.005941225
run3,model_asd,0.001784958
run3,model_asd,-0.013032517
run3,model_asd,-0.010630679
run3,model_asd,0.014109193
run3,model_asd,-0.003030883
run3,model_asd,-0.000392521
run3,model_asd,0.002807109
run3,model_asd,-0.000815634
run3,model_asd,0.01721556
run3,model_asd,0.009709762
run3,model_asd,0.024744993
run3,model_asd,0.005448554
run3,model_asd,-0.002101288
run3,model_asd,0.00780549
run3,model_asd,0.005412574
run3,model_asd,-0.010097328
run3,model_asd,0.009163491
run3,model_asd,0.012167051
run3,model_asd,0.001925023
run3,model_asd,-0.004462793
run3,model_asd,0.018028632
run3,model_asd,0.01329988
run3,model_asd,-0.010404305
run3,model_asd,-0.00665838
run3,model_asd,-0.002708628
run3,model_asd,-9.42E-06
run3,model_asd,-0.005103487
run3,model_asd,-0.00568434
run3,model_asd,0.004505682
run3,model_asd,-0.004773323
run3,model_asd,-0.008964594
run3,model_asd,-0.012462656
run3,model_asd,-0.002713169
run3,model_asd,0.014593829
run3,model_asd,0.01422007
run3,model_asd,-0.007401297
run3,model_asd,0.006403791
run3,model_asd,-0.013687968
run3,model_asd,0.009008207
run3,model_asd,0.000164641
run3,model_asd,0.019460011
run3,model_asd,0.004416743
run3,model_asd,-0.002438146
run3,model_asd,0.010381651
run3,model_asd,0.001485456
run3,model_asd,0.008021645
run3,model_asd,-0.009195398
run3,model_asd,-0.003800093
run3,model_asd,-0.004298647
run3,model_asd,0.008319985
run3,model_asd,-0.007513402
run3,model_asd,0.009372336
run3,model_asd,-0.01321268
run3,model_asd,0.015372857
run3,model_asd,-0.006905024
run3,model_asd,-0.003566217
run3,model_asd,-0.007097055
run3,model_asd,0.005746912
run3,model_asd,0.005565143
run3,model_asd,0.013804757
run4,model_asd,0.00232841
run4,model_asd,-0.007851942
run4,model_asd,-0.014018952
run4,model_asd,-0.003023275
run4,model_asd,0.00992445
run4,model_asd,0.006607025
run4,model_asd,-0.001068978
run4,model_asd,0.010497724
run4,model_asd,-0.004794295
run4,model_asd,-0.006841274
run4,model_asd,-0.018308768
run4,model_asd,0.023609705
run4,model_asd,0.004970924
run4,model_asd,-0.027768394
run4,model_asd,0.019210627
run4,model_asd,-0.0044775
run4,model_asd,0.0089808
run4,model_asd,0.018306458
run4,model_asd,-0.013791751
run4,model_asd,-0.014407005
run4,model_asd,-0.011285116
run4,model_asd,-0.001816002
run4,model_asd,-0.012904379
run4,model_asd,0.020930672
run4,model_asd,-0.004824739
run4,model_asd,0.021820439
run4,model_asd,-0.012426193
run4,model_asd,-0.005748486
run4,model_asd,-0.016467491
run4,model_asd,-0.004806201
run4,model_asd,-0.004154149
run4,model_asd,-0.000570598
run4,model_asd,0.007946761
run4,model_asd,-0.005033769
run4,model_asd,0.002900629
run4,model_asd,0.011311847
run4,model_asd,0.0374728
run4,model_asd,0.013586412
run4,model_asd,-0.005758725
run4,model_asd,0.026550682
run4,model_asd,-0.001778825
run4,model_asd,-0.006482414
run4,model_asd,-0.000730739
run4,model_asd,-8.29E-05
run4,model_asd,-0.010064103
run4,model_asd,-0.007313781
run4,model_asd,-0.00332055
run4,model_asd,-0.002666019
run4,model_asd,0.007818937
run4,model_asd,-0.009751995
run4,model_asd,-0.004770509
run4,model_asd,-0.002598346
run4,model_asd,0.02086106
run4,model_asd,-0.011015631
run4,model_asd,0.000590691
run4,model_asd,-0.02420087
run4,model_asd,-0.005367314
run4,model_asd,-0.000588884
run4,model_asd,0.004525737
run4,model_asd,0.027286643
run4,model_asd,0.004259743
run4,model_asd,-0.011358756
run4,model_asd,-0.001662747
run4,model_asd,0.007175179
run5,model_asd,-0.000672855
run5,model_asd,0.002243416
run5,model_asd,0.005991009
run5,model_asd,-0.014516115
run5,model_asd,0.013087851
run5,model_asd,-0.013579808
run5,model_asd,-0.004413558
run5,model_asd,0.005551613
run5,model_asd,0.013979815
run5,model_asd,-0.0162027
run5,model_asd,-0.012438417
run5,model_asd,-0.003312307
run5,model_asd,0.010930649
run5,model_asd,0.004522584
run5,model_asd,0.007165246
run5,model_asd,-0.007892149
run5,model_asd,-0.003239461
run5,model_asd,-0.013245102
run5,model_asd,-0.004085066
run5,model_asd,-0.020093663
run5,model_asd,-0.010003236
run5,model_asd,-0.015063868
run5,model_asd,0.012331617
run5,model_asd,0.004191747
run5,model_asd,-0.003323088
run5,model_asd,0.004733393
run5,model_asd,0.001217069
run5,model_asd,-0.004640823
run5,model_asd,-0.003597152
run5,model_asd,-0.010191708
run5,model_asd,0.010235435
run5,model_asd,0.003968492
run5,model_asd,-0.000992088
run5,model_asd,0.026383668
run5,model_asd,-0.006477317
run5,model_asd,0.007094067
run5,model_asd,-0.006940498
run5,model_asd,-0.001469517
run5,model_asd,-0.002512297
run5,model_asd,-0.005137367
run5,model_asd,0.002015956
run5,model_asd,0.012711622
run5,model_asd,-0.007751718
run5,model_asd,-0.002797241
run5,model_asd,-0.011062373
run5,model_asd,0.006658829
run5,model_asd,-0.002091083
run5,model_asd,-0.007916221
run5,model_asd,-0.010348841
run5,model_asd,-0.005662346
run5,model_asd,-0.006152505
run5,model_asd,0.000151246
run5,model_asd,-0.004351964
run5,model_asd,-0.016063856
run5,model_asd,-0.000890384
run5,model_asd,-0.03830466
run5,model_asd,-0.006933339
run5,model_asd,-0.009487275
run5,model_asd,-0.016620634
run5,model_asd,0.003097151
run5,model_asd,-0.00772024
run5,model_asd,-0.004739587
run5,model_asd,-0.000678835
run5,model_asd,0.017267466
run1,model_syn,-0.007185642
run1,model_syn,0.007964431
run1,model_syn,0.003022371
run1,model_syn,0.004868583
run1,model_syn,-0.003379108
run1,model_syn,-0.002232912
run1,model_syn,-0.005399477
run1,model_syn,-0.013013601
run1,model_syn,-0.007967463
run1,model_syn,0.007094828
run1,model_syn,-0.010053225
run1,model_syn,0.005589679
run1,model_syn,0.004957355
run1,model_syn,0.01588491
run1,model_syn,0.02010683
run1,model_syn,0.0112791
run1,model_syn,0.021531114
run1,model_syn,0.02141673
run1,model_syn,0.003225857
run1,model_syn,-0.023373216
run1,model_syn,0.010233253
run1,model_syn,0.029859595
run1,model_syn,-0.010553896
run1,model_syn,0.008028783
run1,model_syn,0.011752263
run1,model_syn,0.021722103
run1,model_syn,0.018287502
run1,model_syn,4.76E-05
run1,model_syn,0.017788706
run1,model_syn,0.010815579
run1,model_syn,0.005775945
run1,model_syn,-0.00367833
run1,model_syn,0.00644385
run1,model_syn,-0.018942317
run1,model_syn,0.001900598
run1,model_syn,-0.00571749
run1,model_syn,0.007769465
run1,model_syn,-0.003980991
run1,model_syn,0.000600688
run1,model_syn,-0.013063327
run1,model_syn,0.011869143
run1,model_syn,0.003712506
run1,model_syn,0.001737713
run1,model_syn,0.011608125
run1,model_syn,-0.002592444
run1,model_syn,0.00425671
run1,model_syn,-0.010256781
run1,model_syn,-0.008312694
run1,model_syn,0.000684023
run1,model_syn,-0.008466653
run1,model_syn,0.020691728
run1,model_syn,0.001251077
run1,model_syn,-0.001755319
run1,model_syn,0.002005734
run1,model_syn,0.005952727
run1,model_syn,-0.008404849
run1,model_syn,-0.009509836
run1,model_syn,0.017896706
run1,model_syn,-0.003134944
run1,model_syn,-0.002789439
run1,model_syn,0.009550061
run1,model_syn,0.001334476
run1,model_syn,0.011178617
run1,model_syn,0.007037791
run2,model_syn,-0.007185642
run2,model_syn,0.007964431
run2,model_syn,0.003022371
run2,model_syn,0.004868583
run2,model_syn,-0.003379108
run2,model_syn,-0.002232912
run2,model_syn,-0.005399477
run2,model_syn,-0.013013601
run2,model_syn,-0.007967463
run2,model_syn,0.007094828
run2,model_syn,-0.010053225
run2,model_syn,0.005589679
run2,model_syn,0.004957355
run2,model_syn,0.01588491
run2,model_syn,0.02010683
run2,model_syn,0.0112791
run2,model_syn,0.021531114
run2,model_syn,0.02141673
run2,model_syn,0.003225857
run2,model_syn,-0.023373216
run2,model_syn,0.010233253
run2,model_syn,0.029859595
run2,model_syn,-0.010553896
run2,model_syn,0.008028783
run2,model_syn,0.011752263
run2,model_syn,0.021722103
run2,model_syn,0.018287502
run2,model_syn,4.76E-05
run2,model_syn,0.017788706
run2,model_syn,0.010815579
run2,model_syn,0.005775945
run2,model_syn,-0.00367833
run2,model_syn,0.00644385
run2,model_syn,-0.018942317
run2,model_syn,0.001900598
run2,model_syn,-0.00571749
run2,model_syn,0.007769465
run2,model_syn,-0.003980991
run2,model_syn,0.000600688
run2,model_syn,-0.013063327
run2,model_syn,0.011869143
run2,model_syn,0.003712506
run2,model_syn,0.001737713
run2,model_syn,0.011608125
run2,model_syn,-0.002592444
run2,model_syn,0.00425671
run2,model_syn,-0.010256781
run2,model_syn,-0.008312694
run2,model_syn,0.000684023
run2,model_syn,-0.008466653
run2,model_syn,0.020691728
run2,model_syn,0.001251077
run2,model_syn,-0.001755319
run2,model_syn,0.002005734
run2,model_syn,0.005952727
run2,model_syn,-0.008404849
run2,model_syn,-0.009509836
run2,model_syn,0.017896706
run2,model_syn,-0.003134944
run2,model_syn,-0.002789439
run2,model_syn,0.009550061
run2,model_syn,0.001334476
run2,model_syn,0.011178617
run2,model_syn,0.007037791
run3,model_syn,-0.000954683
run3,model_syn,0.012182102
run3,model_syn,-0.001656689
run3,model_syn,-0.002874387
run3,model_syn,0.003594598
run3,model_syn,0.007572327
run3,model_syn,-0.001695396
run3,model_syn,0.009331908
run3,model_syn,-0.007774862
run3,model_syn,0.001558877
run3,model_syn,-0.014835327
run3,model_syn,0.005964928
run3,model_syn,-0.00056918
run3,model_syn,0.013457728
run3,model_syn,0.016026547
run3,model_syn,0.003223476
run3,model_syn,0.012291449
run3,model_syn,-0.003908543
run3,model_syn,-0.003229044
run3,model_syn,-0.013018116
run3,model_syn,0.011798334
run3,model_syn,-0.002082444
run3,model_syn,0.002541016
run3,model_syn,-0.015218787
run3,model_syn,0.009892264
run3,model_syn,-0.004109328
run3,model_syn,0.008922695
run3,model_syn,-0.014223181
run3,model_syn,-0.022594467
run3,model_syn,0.010391342
run3,model_syn,0.004649599
run3,model_syn,0.023957862
run3,model_syn,-0.023476476
run3,model_syn,0.004143118
run3,model_syn,-0.002364118
run3,model_syn,0.006414272
run3,model_syn,0.014519423
run3,model_syn,-0.018579215
run3,model_syn,0.00320317
run3,model_syn,0.00180201
run3,model_syn,-0.01964953
run3,model_syn,0.001470272
run3,model_syn,-0.002857433
run3,model_syn,-0.003461473
run3,model_syn,0.009467053
run3,model_syn,0.014801019
run3,model_syn,-0.004942073
run3,model_syn,-0.013071242
run3,model_syn,-0.020688439
run3,model_syn,0.005504165
run3,model_syn,0.010348716
run3,model_syn,-0.012512236
run3,model_syn,0.010689559
run3,model_syn,0.031229869
run3,model_syn,-0.014449273
run3,model_syn,0.007026732
run3,model_syn,-0.002962198
run3,model_syn,-0.010246092
run3,model_syn,-0.026534906
run3,model_syn,0.014549479
run3,model_syn,-0.005468535
run3,model_syn,-0.002986146
run3,model_syn,0.003478012
run3,model_syn,0.002977189
run4,model_syn,0.005445477
run4,model_syn,-0.014400177
run4,model_syn,0.016477244
run4,model_syn,0.002295699
run4,model_syn,0.01293972
run4,model_syn,0.003141359
run4,model_syn,0.023381198
run4,model_syn,-0.008365569
run4,model_syn,-0.015827874
run4,model_syn,-0.014767979
run4,model_syn,0.001559358
run4,model_syn,-0.001563797
run4,model_syn,0.00438727
run4,model_syn,-0.016062165
run4,model_syn,0.020692995
run4,model_syn,-0.006505137
run4,model_syn,-0.009909258
run4,model_syn,-0.001974928
run4,model_syn,-0.005417161
run4,model_syn,0.005518686
run4,model_syn,0.016286498
run4,model_syn,-0.008881677
run4,model_syn,0.002685853
run4,model_syn,-0.014663596
run4,model_syn,-0.010504846
run4,model_syn,-0.000538792
run4,model_syn,-0.001133895
run4,model_syn,-0.002746721
run4,model_syn,0.012380992
run4,model_syn,0.001729467
run4,model_syn,0.018366026
run4,model_syn,-0.012261502
run4,model_syn,0.006497331
run4,model_syn,0.008519226
run4,model_syn,0.008895091
run4,model_syn,0.02281618
run4,model_syn,-0.011821012
run4,model_syn,0.023338096
run4,model_syn,-0.004794011
run4,model_syn,0.009545096
run4,model_syn,-0.003548913
run4,model_syn,0.008638937
run4,model_syn,-0.009582502
run4,model_syn,0.026727298
run4,model_syn,-0.006873597
run4,model_syn,0.000158013
run4,model_syn,0.017343702
run4,model_syn,0.005684802
run4,model_syn,0.000305171
run4,model_syn,0.016168378
run4,model_syn,0.015195648
run4,model_syn,0.006977121
run4,model_syn,0.007863293
run4,model_syn,0.01467406
run4,model_syn,-0.015037189
run4,model_syn,-0.004618543
run4,model_syn,-0.011653685
run4,model_syn,0.012863363
run4,model_syn,0.009642192
run4,model_syn,-0.037189513
run4,model_syn,0.007984132
run4,model_syn,-0.000492608
run4,model_syn,0.006989226
run4,model_syn,-0.01700138
run5,model_syn,0.007901448
run5,model_syn,-6.14E-05
run5,model_syn,0.021485068
run5,model_syn,0.005196275
run5,model_syn,0.000264833
run5,model_syn,0.012206815
run5,model_syn,-0.006625847
run5,model_syn,-0.007258557
run5,model_syn,0.036301088
run5,model_syn,-0.007410104
run5,model_syn,-0.00733537
run5,model_syn,-0.005363461
run5,model_syn,0.007268476
run5,model_syn,0.005482774
run5,model_syn,0.000602524
run5,model_syn,-0.004717692
run5,model_syn,-0.002149564
run5,model_syn,0.000238902
run5,model_syn,0.034073897
run5,model_syn,0.012521379
run5,model_syn,0.000851969
run5,model_syn,-6.88E-05
run5,model_syn,0.014648055
run5,model_syn,0.000902879
run5,model_syn,0.03757107
run5,model_syn,0.014825345
run5,model_syn,-0.006826945
run5,model_syn,0.002307925
run5,model_syn,-0.017650431
run5,model_syn,-0.001169229
run5,model_syn,-0.007829508
run5,model_syn,0.013750091
run5,model_syn,-0.00246095
run5,model_syn,0.020406187
run5,model_syn,0.00898457
run5,model_syn,0.001287404
run5,model_syn,-0.015859103
run5,model_syn,0.002377426
run5,model_syn,0.002403699
run5,model_syn,-0.017686399
run5,model_syn,0.016653031
run5,model_syn,0.012747184
run5,model_syn,0.019200003
run5,model_syn,0.002055869
run5,model_syn,0.017625486
run5,model_syn,0.026832625
run5,model_syn,0.012018833
run5,model_syn,0.001562307
run5,model_syn,0.019128334
run5,model_syn,0.003832886
run5,model_syn,0.01594512
run5,model_syn,0.012167502
run5,model_syn,0.006272059
run5,model_syn,0.0299783
run5,model_syn,0.008262396
run5,model_syn,-0.002555127
run5,model_syn,-0.010876593
run5,model_syn,0.017329391
run5,model_syn,0.022470964
run5,model_syn,0.02543191
run5,model_syn,0.016494604
run5,model_syn,-0.014615892
run5,model_syn,0.014587604
run5,model_syn,-0.005513342
run1,model_hom,0.00825021
run1,model_hom,-0.01309484
run1,model_hom,0.020487903
run1,model_hom,-0.0392933
run1,model_hom,-0.027870312
run1,model_hom,-0.019762551
run1,model_hom,0.01351899
run1,model_hom,0.042360544
run1,model_hom,0.04325172
run1,model_hom,0.022631096
run1,model_hom,0.048321825
run1,model_hom,0.024726024
run1,model_hom,0.019420765
run1,model_hom,0.048966806
run1,model_hom,-0.02855964
run1,model_hom,-0.011728817
run1,model_hom,0.02473624
run1,model_hom,0.04487613
run1,model_hom,0.008242762
run1,model_hom,0.017123433
run1,model_hom,0.0274614
run1,model_hom,0.004359454
run1,model_hom,-0.020127062
run1,model_hom,0.03210909
run1,model_hom,0.029006438
run1,model_hom,0.024285177
run1,model_hom,-0.003102382
run1,model_hom,-0.013194501
run1,model_hom,-0.037889283
run1,model_hom,0.000523582
run1,model_hom,0.005635226
run1,model_hom,0.011513419
run1,model_hom,0.013464689
run1,model_hom,0.00292108
run1,model_hom,-0.012520733
run1,model_hom,0.004393363
run1,model_hom,0.008419891
run1,model_hom,0.025676966
run1,model_hom,0.043877613
run1,model_hom,0.013189032
run1,model_hom,0.03461977
run1,model_hom,0.034128975
run1,model_hom,0.01734004
run1,model_hom,0.001630837
run1,model_hom,-0.037918005
run1,model_hom,0.03476008
run1,model_hom,0.041106883
run1,model_hom,0.026997713
run1,model_hom,0.078343146
run1,model_hom,0.006559598
run1,model_hom,-0.024294024
run1,model_hom,0.016954644
run1,model_hom,0.022298947
run1,model_hom,0.023282921
run1,model_hom,-0.024831602
run1,model_hom,0.01993463
run1,model_hom,0.067998536
run1,model_hom,0.005827721
run1,model_hom,0.05718935
run1,model_hom,0.02517095
run1,model_hom,0.006549981
run1,model_hom,0.009609689
run1,model_hom,-0.03443506
run1,model_hom,-0.002452937
run2,model_hom,0.00825021
run2,model_hom,-0.01309484
run2,model_hom,0.020487903
run2,model_hom,-0.0392933
run2,model_hom,-0.027870312
run2,model_hom,-0.019762551
run2,model_hom,0.01351899
run2,model_hom,0.042360544
run2,model_hom,0.04325172
run2,model_hom,0.022631096
run2,model_hom,0.048321825
run2,model_hom,0.024726024
run2,model_hom,0.019420765
run2,model_hom,0.048966806
run2,model_hom,-0.02855964
run2,model_hom,-0.011728817
run2,model_hom,0.02473624
run2,model_hom,0.04487613
run2,model_hom,0.008242762
run2,model_hom,0.017123433
run2,model_hom,0.0274614
run2,model_hom,0.004359454
run2,model_hom,-0.020127062
run2,model_hom,0.03210909
run2,model_hom,0.029006438
run2,model_hom,0.024285177
run2,model_hom,-0.003102382
run2,model_hom,-0.013194501
run2,model_hom,-0.037889283
run2,model_hom,0.000523582
run2,model_hom,0.005635226
run2,model_hom,0.011513419
run2,model_hom,0.013464689
run2,model_hom,0.00292108
run2,model_hom,-0.012520733
run2,model_hom,0.004393363
run2,model_hom,0.008419891
run2,model_hom,0.025676966
run2,model_hom,0.043877613
run2,model_hom,0.013189032
run2,model_hom,0.03461977
run2,model_hom,0.034128975
run2,model_hom,0.01734004
run2,model_hom,0.001630837
run2,model_hom,-0.037918005
run2,model_hom,0.03476008
run2,model_hom,0.041106883
run2,model_hom,0.026997713
run2,model_hom,0.078343146
run2,model_hom,0.006559598
run2,model_hom,-0.024294024
run2,model_hom,0.016954644
run2,model_hom,0.022298947
run2,model_hom,0.023282921
run2,model_hom,-0.024831602
run2,model_hom,0.01993463
run2,model_hom,0.067998536
run2,model_hom,0.005827721
run2,model_hom,0.05718935
run2,model_hom,0.02517095
run2,model_hom,0.006549981
run2,model_hom,0.009609689
run2,model_hom,-0.03443506
run2,model_hom,-0.002452937
run3,model_hom,0.012942326
run3,model_hom,0.011588193
run3,model_hom,0.003283857
run3,model_hom,0.057027113
run3,model_hom,0.005802308
run3,model_hom,0.044269875
run3,model_hom,0.002831135
run3,model_hom,0.036468256
run3,model_hom,-0.00789123
run3,model_hom,0.013503718
run3,model_hom,-0.003473516
run3,model_hom,0.014995098
run3,model_hom,0.03380938
run3,model_hom,0.01676862
run3,model_hom,-0.003419614
run3,model_hom,0.004931103
run3,model_hom,0.014762226
run3,model_hom,-0.012251292
run3,model_hom,0.026387265
run3,model_hom,-0.007016902
run3,model_hom,0.020944936
run3,model_hom,-0.014578268
run3,model_hom,-0.010727691
run3,model_hom,-0.035405234
run3,model_hom,0.005012299
run3,model_hom,0.02644384
run3,model_hom,0.07209138
run3,model_hom,-0.045876015
run3,model_hom,-0.000833169
run3,model_hom,-0.009264861
run3,model_hom,0.007924623
run3,model_hom,0.04331711
run3,model_hom,-0.022844767
run3,model_hom,0.010330045
run3,model_hom,0.047051724
run3,model_hom,0.001882126
run3,model_hom,0.006748598
run3,model_hom,0.007637887
run3,model_hom,-0.016069688
run3,model_hom,0.02836553
run3,model_hom,0.03171536
run3,model_hom,0.039082114
run3,model_hom,0.017035676
run3,model_hom,0.022342458
run3,model_hom,0.009805602
run3,model_hom,-0.004099393
run3,model_hom,-0.005518161
run3,model_hom,0.02362694
run3,model_hom,0.037978593
run3,model_hom,0.000571479
run3,model_hom,-0.002946892
run3,model_hom,0.010265066
run3,model_hom,-0.030049538
run3,model_hom,0.03059242
run3,model_hom,0.060701594
run3,model_hom,0.036486313
run3,model_hom,-0.003431175
run3,model_hom,0.012920615
run3,model_hom,0.022037648
run3,model_hom,0.014856767
run3,model_hom,0.001202087
run3,model_hom,-0.008527741
run3,model_hom,0.011583184
run3,model_hom,0.03470825
run4,model_hom,0.001901688
run4,model_hom,0.012899994
run4,model_hom,-0.00385186
run4,model_hom,0.027978407
run4,model_hom,0.037729543
run4,model_hom,0.034974117
run4,model_hom,-0.002336158
run4,model_hom,0.005068105
run4,model_hom,0.01065514
run4,model_hom,0.03161871
run4,model_hom,0.017721541
run4,model_hom,-0.04119653
run4,model_hom,0.00643507
run4,model_hom,-0.008151278
run4,model_hom,0.027150998
run4,model_hom,0.004645205
run4,model_hom,0.024860516
run4,model_hom,0.06036067
run4,model_hom,0.028558709
run4,model_hom,0.019995682
run4,model_hom,0.029937528
run4,model_hom,0.004963391
run4,model_hom,0.013519023
run4,model_hom,0.020236535
run4,model_hom,-0.02754955
run4,model_hom,0.026203236
run4,model_hom,0.023276558
run4,model_hom,-0.019945214
run4,model_hom,0.000971285
run4,model_hom,0.014963967
run4,model_hom,0.018621366
run4,model_hom,-9.49E-05
run4,model_hom,0.022341529
run4,model_hom,0.020728262
run4,model_hom,0.010910419
run4,model_hom,0.039268658
run4,model_hom,0.010518669
run4,model_hom,0.01929688
run4,model_hom,0.036062866
run4,model_hom,-0.044508245
run4,model_hom,0.003297083
run4,model_hom,0.028333949
run4,model_hom,0.04350942
run4,model_hom,0.024359023
run4,model_hom,0.027181173
run4,model_hom,0.005896757
run4,model_hom,-0.020594435
run4,model_hom,-0.04854579
run4,model_hom,0.031735916
run4,model_hom,0.002635762
run4,model_hom,0.04694025
run4,model_hom,0.02795147
run4,model_hom,-0.000154972
run4,model_hom,0.011147451
run4,model_hom,0.016365845
run4,model_hom,0.05974262
run4,model_hom,-0.014797784
run4,model_hom,-0.025357263
run4,model_hom,0.012996676
run4,model_hom,0.06460347
run4,model_hom,-0.03709294
run4,model_hom,0.01420354
run4,model_hom,-0.017637178
run4,model_hom,0.002279093
run5,model_hom,0.039893255
run5,model_hom,0.003183533
run5,model_hom,-0.028147606
run5,model_hom,-0.000401417
run5,model_hom,-0.014815505
run5,model_hom,0.001895816
run5,model_hom,0.00471221
run5,model_hom,0.040173475
run5,model_hom,0.031976353
run5,model_hom,-0.002433073
run5,model_hom,0.022816874
run5,model_hom,0.040107623
run5,model_hom,0.031025158
run5,model_hom,0.011974666
run5,model_hom,-0.009470682
run5,model_hom,0.04082325
run5,model_hom,-0.014428585
run5,model_hom,0.005402164
run5,model_hom,0.007845904
run5,model_hom,0.010587645
run5,model_hom,-0.016911982
run5,model_hom,0.03687903
run5,model_hom,0.011578761
run5,model_hom,-0.009388761
run5,model_hom,0.029582316
run5,model_hom,0.000473414
run5,model_hom,0.04596116
run5,model_hom,-0.00388719
run5,model_hom,-0.04579963
run5,model_hom,0.023744514
run5,model_hom,0.038374282
run5,model_hom,0.052090716
run5,model_hom,0.0217369
run5,model_hom,0.000436408
run5,model_hom,-0.007893766
run5,model_hom,0.040837187
run5,model_hom,-0.006055599
run5,model_hom,0.003556168
run5,model_hom,0.00544342
run5,model_hom,-0.01574605
run5,model_hom,0.018778501
run5,model_hom,0.015067647
run5,model_hom,-0.01958518
run5,model_hom,-0.006770416
run5,model_hom,0.056406785
run5,model_hom,0.055117946
run5,model_hom,-0.00104731
run5,model_hom,0.013526474
run5,model_hom,0.03388305
run5,model_hom,0.005243765
run5,model_hom,0.044154346
run5,model_hom,-0.014636629
run5,model_hom,0.04975823
run5,model_hom,0.025290767
run5,model_hom,0.012516026
run5,model_hom,0.02889975
run5,model_hom,-0.023059173
run5,model_hom,0.060114946
run5,model_hom,-0.054617006
run5,model_hom,0.000426496
run5,model_hom,0.0475442
run5,model_hom,0.022496715
run5,model_hom,0.0427985
run5,model_hom,0.055803258
